Area_sqft,Bedrooms,Bathrooms,Floors,Age_years,Garage,Has_Garden,Has_Pool,Location,Price
1360,2,1,3,11,0,1,0,Good,849382
4272,3,2,2,25,0,1,0,Outskirts,485188
3592,1,1,3,18,2,0,1,Average,689891
966,1,1,2,6,1,1,0,Good,400602
4926,2,1,3,6,0,1,0,Average,680869
3944,5,5,1,25,0,0,0,Prime,1709890
3671,1,1,1,39,2,0,0,Prime,300000
3419,1,1,2,4,2,1,0,Average,712290
630,3,2,2,20,2,1,0,Good,959714
2185,4,3,2,13,0,0,0,Average,868216
1269,2,2,3,3,0,1,1,Good,1208756
2891,2,1,2,22,2,1,0,Outskirts,384501
2933,5,5,1,19,1,0,0,Outskirts,830756
1684,5,4,3,14,2,0,1,Outskirts,965801
3885,2,1,2,28,2,0,1,Good,685791
4617,5,5,3,7,2,0,1,Good,1762037
3404,3,3,3,18,2,0,1,Average,1082032
974,2,1,2,38,0,0,0,Prime,300000
1582,5,4,3,27,1,1,1,Prime,1683302
3058,2,1,1,26,2,1,1,Average,779568
2547,4,4,1,3,1,0,0,Average,969807
3247,1,1,3,14,1,0,0,Outskirts,463259
1475,2,2,2,34,1,1,0,Good,455741
2306,1,1,3,36,2,1,1,Good,504855
689,5,5,1,0,0,1,0,Prime,1696843
3234,1,1,3,2,2,0,1,Outskirts,650509
3505,2,1,3,23,1,0,0,Average,666496
2399,4,3,1,26,1,1,0,Outskirts,300000
1767,5,5,3,39,0,0,1,Outskirts,567737
2028,2,1,3,35,2,0,0,Average,390606
3702,5,4,2,33,1,0,0,Average,764291
4056,3,3,2,28,0,1,0,Good,760507
4390,1,1,1,23,1,1,0,Average,473928
1146,3,3,1,23,0,0,0,Average,391370
3388,2,2,1,3,0,0,1,Average,783808
2935,4,3,2,2,2,0,1,Outskirts,952836
1100,5,5,1,33,1,0,0,Outskirts,565545
2863,1,1,1,22,2,0,1,Average,694225
2561,5,5,1,22,1,1,1,Average,1135652
741,2,2,2,4,2,0,1,Average,750371
2541,5,5,3,30,1,0,0,Good,1241477
3324,1,1,1,5,2,0,0,Prime,680889
3112,2,2,3,36,0,1,0,Average,300000
1863,5,5,1,9,1,1,1,Average,1217583
1978,4,3,3,39,1,0,1,Prime,944034
3056,2,1,2,6,0,1,0,Outskirts,371310
1275,2,1,2,38,2,1,0,Prime,356664
4514,4,4,1,37,1,1,1,Good,918401
534,3,3,3,20,1,1,1,Average,894949
3652,1,1,2,19,2,1,0,Good,644835
2455,3,2,1,2,0,1,1,Prime,1294733
2085,5,4,1,21,2,0,1,Good,1420995
4443,4,4,2,3,2,1,1,Average,1594947
3573,3,2,2,27,2,1,1,Good,666801
1521,2,1,1,11,1,0,1,Average,557467
3961,5,5,3,37,0,0,1,Average,847283
3113,5,4,3,35,0,0,1,Prime,1531595
4343,3,3,3,4,2,0,0,Outskirts,721585
2000,3,3,1,12,1,1,0,Prime,951077
661,4,4,2,22,2,1,1,Outskirts,745336
4797,1,1,1,29,1,1,1,Average,300000
2481,3,2,2,36,1,1,1,Outskirts,503671
1495,3,3,3,24,1,0,0,Prime,754348
3842,2,1,3,26,1,1,0,Average,410264
4298,5,4,2,13,0,1,1,Good,1717963
1775,1,1,2,35,1,0,0,Prime,300000
1516,2,1,1,38,1,1,1,Average,300000
837,4,4,3,15,2,1,1,Good,1376061
1378,4,3,1,21,2,1,1,Average,974444
1576,3,3,1,20,0,1,1,Prime,1128819
4493,3,3,1,20,2,0,1,Good,910631
879,4,3,3,7,1,0,1,Average,1172255
992,3,3,1,15,2,0,1,Good,794313
2562,1,1,1,30,0,0,0,Average,300000
4384,3,2,1,9,2,0,1,Average,796246
564,5,5,1,31,2,1,0,Outskirts,939704
3068,3,3,1,33,0,1,1,Good,730173
2527,2,2,1,8,0,0,1,Average,360311
3195,1,1,3,16,1,0,0,Outskirts,300000
1995,2,1,1,10,2,0,0,Average,411561
891,2,1,2,31,1,1,1,Average,300000
4974,5,4,1,9,2,0,0,Average,1260895
4061,1,1,1,21,2,1,1,Average,378545
2778,1,1,3,16,1,1,1,Average,659229
3599,1,1,3,3,2,1,0,Prime,1252826
700,1,1,2,24,2,1,0,Good,318513
3604,1,1,2,20,2,0,0,Outskirts,300000
2954,5,4,3,36,0,1,0,Good,978488
4145,3,3,3,37,1,1,1,Average,810232
1304,2,1,1,0,0,0,0,Good,582653
3231,1,1,3,24,1,1,0,Average,300000
3273,3,3,2,35,1,1,0,Prime,653398
2070,3,3,1,16,2,1,0,Good,863570
3190,2,1,2,23,1,0,0,Outskirts,300000
4340,5,4,1,1,0,1,1,Outskirts,1061325
1528,4,4,3,39,0,1,1,Average,865410
1002,4,4,2,14,0,0,0,Average,922843
4993,3,2,1,31,1,0,0,Average,530628
1370,2,2,1,38,0,1,1,Average,300000
4988,4,3,3,5,1,1,0,Average,1511754
706,3,2,3,0,0,0,1,Prime,1489411
1984,5,5,3,22,0,1,1,Average,1268125
1363,4,4,2,38,1,0,0,Average,300000
3290,3,3,1,16,0,1,1,Outskirts,783460
1063,3,3,3,33,2,0,0,Prime,832310
4691,1,1,2,28,1,1,0,Average,300000
2257,5,4,2,8,1,0,1,Average,1192419
2178,1,1,2,12,1,0,1,Good,467322
3742,2,2,3,5,2,0,0,Prime,1505940
1559,1,1,3,5,1,0,1,Good,697932
2222,1,1,1,19,0,0,0,Good,300000
3814,4,3,1,2,0,1,1,Good,1242223
3657,3,3,3,16,0,1,1,Average,920154
3125,5,5,2,11,1,0,0,Average,1111683
3229,1,1,2,0,0,1,0,Average,427141
2097,5,4,2,16,1,1,0,Outskirts,568450
3560,1,1,1,2,0,1,1,Good,864143
3193,2,2,2,25,2,1,0,Good,601718
4127,1,1,1,14,2,1,0,Average,312929
1863,4,3,1,35,2,1,1,Good,833916
2481,3,3,2,31,2,0,1,Good,894343
2163,2,2,2,31,1,1,0,Good,355128
2029,1,1,3,3,0,1,0,Prime,774737
2538,5,4,3,17,2,1,0,Outskirts,890789
3802,2,1,2,18,1,0,0,Good,301779
2737,2,2,1,34,2,1,1,Average,605441
1806,1,1,1,39,2,1,1,Prime,300000
4529,2,1,1,13,1,1,0,Average,608035
3175,5,4,1,32,1,0,0,Good,959785
1782,2,1,1,13,0,1,0,Average,300000
1209,5,4,3,33,0,0,1,Good,988299
4913,1,1,2,3,2,1,0,Good,829731
4248,3,2,3,23,2,0,0,Average,750984
1163,2,1,1,28,0,0,1,Prime,392674
2498,3,2,1,18,0,0,1,Good,556073
3945,5,4,1,5,1,1,0,Good,1580124
4243,2,2,1,32,0,0,0,Outskirts,374560
1995,4,4,2,39,0,0,1,Prime,927324
3804,3,3,1,18,2,0,0,Average,655714
4263,2,1,2,0,0,0,0,Good,1073686
2353,3,3,1,4,2,1,1,Good,1328367
1791,2,1,2,26,0,1,1,Good,431443
4081,1,1,3,15,1,1,1,Outskirts,501839
3957,3,3,1,5,0,1,0,Good,1054857
2136,4,3,2,39,0,0,1,Prime,718960
4196,4,4,3,12,0,1,1,Good,1443082
3499,5,5,1,34,2,0,0,Prime,1546755
3652,2,2,1,18,1,1,0,Prime,750933
1198,3,2,1,11,0,1,1,Average,615910
2660,5,5,2,15,2,1,1,Prime,2187707
4597,3,2,2,9,1,0,0,Prime,1086318
1354,2,2,3,24,2,1,0,Average,398504
3974,4,4,2,19,2,1,1,Good,1324059
2207,1,1,2,30,1,1,1,Prime,414825
3277,4,3,1,3,0,0,0,Good,1172379
2233,5,4,1,22,2,1,1,Average,1358542
4010,1,1,1,1,2,1,0,Good,807118
702,5,5,1,21,0,0,1,Average,985060
3755,2,2,1,36,0,0,0,Prime,300000
4718,1,1,1,7,1,1,0,Average,300000
4996,5,4,1,6,1,1,1,Good,1525600
1266,2,1,3,13,1,1,1,Average,756159
4889,4,3,3,2,0,0,0,Outskirts,923776
2827,2,1,3,15,2,0,1,Average,827556
3431,3,2,3,18,2,0,1,Good,1034602
697,2,2,1,17,1,1,1,Good,344412
2430,2,1,3,15,0,0,0,Good,300000
4082,3,3,1,7,2,1,1,Good,1223101
1108,5,5,3,32,1,0,1,Good,1246147
3772,5,4,2,11,2,0,0,Average,1151134
1647,2,1,3,10,2,0,1,Good,1122498
4782,3,3,3,4,0,1,1,Good,1570373
3897,3,2,1,26,0,1,0,Average,676419
3011,4,3,3,11,2,1,0,Average,953018
2294,5,5,2,16,1,1,1,Prime,2110801
1159,1,1,1,5,0,0,1,Outskirts,300000
3311,5,5,1,32,2,1,0,Good,1211974
1869,5,4,3,4,0,0,0,Average,973262
2486,4,4,1,27,0,1,1,Average,960793
646,1,1,1,13,0,1,1,Average,300000
3719,4,4,1,4,2,0,1,Average,995269
3411,1,1,1,32,1,0,0,Prime,326659
2234,2,2,1,18,1,1,1,Good,775010
2343,1,1,1,21,1,1,0,Average,300000
988,4,3,2,4,0,0,0,Good,941011
3476,5,5,3,1,2,0,0,Outskirts,1017036
2459,1,1,2,29,0,0,1,Good,300000
2885,1,1,1,38,1,0,1,Good,300000
3419,3,2,1,3,1,0,1,Good,1199492
2302,5,5,3,32,2,1,0,Good,1266367
4561,2,1,2,12,0,1,1,Average,666032
3869,4,4,3,19,1,1,0,Average,1160905
762,2,2,2,6,2,1,0,Average,405471
1123,5,5,1,14,0,0,0,Outskirts,555561
1516,1,1,3,22,0,0,0,Outskirts,300000
4143,1,1,3,13,1,0,0,Outskirts,474514
2549,5,5,1,22,1,1,0,Prime,1480664
4223,1,1,3,18,0,0,1,Average,300000
3608,1,1,2,28,0,0,0,Good,300000
4590,1,1,2,19,1,1,1,Prime,714167
2556,4,4,2,28,0,1,0,Average,612411
3670,4,4,2,23,1,1,1,Good,1593351
2182,3,2,1,17,0,0,1,Prime,1019174
2755,2,2,3,9,1,0,1,Prime,1214703
1654,5,4,2,7,2,1,1,Prime,2204918
4999,5,4,1,25,1,1,0,Outskirts,871089
3691,5,5,3,28,1,0,0,Prime,1677182
2196,3,2,3,9,2,1,0,Good,1071923
4491,4,3,1,16,0,0,0,Good,894047
2148,3,3,1,1,2,1,1,Good,1136014
1945,5,4,2,5,1,1,1,Outskirts,753392
4699,2,2,3,4,0,1,1,Prime,1447804
4423,1,1,3,27,2,0,0,Average,300000
753,4,4,1,4,0,0,1,Average,1061796
3683,4,4,3,17,0,1,0,Outskirts,727628
3057,3,2,2,25,2,0,1,Average,596648
598,4,4,3,19,0,1,1,Outskirts,708412
2700,5,5,1,26,2,1,1,Prime,1827665
3461,5,4,1,11,1,0,1,Good,1750884
4933,3,3,2,6,0,0,1,Good,1236318
4277,5,5,2,2,1,0,0,Outskirts,780257
3369,2,1,3,9,1,0,1,Good,1145003
3734,3,2,3,33,0,1,0,Good,400663
4291,2,1,1,24,2,0,0,Good,313503
1456,1,1,2,34,0,0,0,Prime,300000
4567,2,1,2,15,1,1,0,Good,724493
660,1,1,2,1,1,1,0,Outskirts,461139
4993,1,1,3,23,2,1,0,Good,685581
1800,2,2,2,9,0,1,0,Average,485101
4487,3,2,1,37,1,0,0,Average,300000
2027,5,4,1,21,1,0,1,Good,1122069
1718,5,4,3,25,1,1,1,Prime,1973025
4996,1,1,3,38,2,1,0,Good,336352
3604,1,1,2,26,1,0,0,Good,391553
3235,3,2,3,28,1,0,0,Average,474108
1454,4,3,1,37,0,0,1,Good,403208
3946,2,1,2,19,0,0,1,Prime,523779
1545,1,1,1,26,1,0,0,Average,300000
2193,5,5,2,19,1,1,0,Outskirts,1059378
3936,3,2,3,18,0,1,1,Outskirts,464944
1062,2,2,2,19,2,1,1,Outskirts,574098
2985,3,2,2,34,2,1,0,Average,300000
3854,2,2,1,1,2,0,0,Good,862761
725,2,2,1,29,2,1,0,Average,337815
1459,1,1,2,33,2,0,0,Prime,300000
3567,3,2,3,21,2,0,1,Average,842811
1315,3,2,3,2,2,0,1,Average,903669
3620,5,4,1,5,2,0,0,Prime,2071353
516,5,5,3,14,0,0,0,Average,938409
1743,1,1,1,26,2,0,0,Outskirts,300000
2705,1,1,3,9,2,0,1,Good,758130
3024,4,3,2,8,2,1,0,Outskirts,610203
1569,5,5,1,32,1,0,0,Prime,945923
3944,2,1,1,31,0,1,0,Average,300000
3065,3,3,2,5,0,1,1,Average,1077868
1560,1,1,1,35,0,0,0,Average,300000
2827,3,2,3,1,2,0,1,Outskirts,899446
3920,3,3,3,28,2,1,0,Outskirts,818107
801,4,3,1,3,1,1,0,Average,1091080
4776,5,4,3,0,0,1,0,Good,1548153
1106,1,1,1,18,2,1,1,Outskirts,512124
3670,3,2,2,25,0,0,0,Prime,584453
1199,1,1,1,24,1,0,0,Outskirts,300000
1639,2,1,2,9,1,0,1,Good,687217
690,4,4,3,14,1,1,1,Prime,1705500
2800,2,2,2,21,0,0,1,Average,560205
1480,1,1,3,20,2,1,0,Good,339286
3475,1,1,1,21,2,0,1,Good,639015
1684,5,4,3,35,1,1,0,Good,1068147
3827,3,2,1,33,2,0,1,Prime,974988
3894,3,2,1,29,1,0,1,Good,951217
627,2,1,2,24,0,1,1,Prime,686252
2565,4,3,2,27,1,1,0,Good,988969
2316,3,3,2,0,0,1,0,Prime,1408675
1069,5,4,2,3,1,1,0,Average,1235869
2395,2,2,3,6,2,1,0,Good,1059901
3233,2,2,3,8,2,0,0,Outskirts,568599
4363,5,4,3,35,1,1,0,Outskirts,619665
4514,4,3,1,18,2,0,0,Good,698899
3401,5,5,3,0,2,0,0,Average,1590709
2186,4,4,3,9,2,0,0,Outskirts,976244
3509,5,5,3,35,0,0,1,Outskirts,525510
654,5,4,2,8,2,0,1,Average,1350205
3037,1,1,3,31,0,1,0,Prime,300000
1909,2,1,1,31,1,1,0,Average,300000
4557,5,4,2,5,2,0,0,Average,1526679
1284,5,4,1,37,2,0,0,Average,504184
3675,3,3,3,16,2,1,1,Good,1141627
4841,2,1,2,9,1,1,1,Outskirts,880358
3306,3,2,1,26,0,0,0,Outskirts,300000
1037,2,1,3,34,0,1,1,Good,458979
2341,3,2,1,20,2,1,1,Prime,1000746
2955,5,4,1,24,1,1,0,Good,855779
1024,5,5,1,27,1,0,0,Outskirts,448868
3450,1,1,3,14,1,1,0,Average,383030
4631,3,2,3,3,1,0,0,Average,712902
4615,4,4,1,28,1,0,1,Good,1108604
2868,1,1,2,8,0,0,0,Average,374249
4347,3,3,2,26,0,0,1,Good,652016
4995,3,2,3,25,0,0,0,Average,396985
3201,1,1,3,18,2,1,1,Average,521027
1471,5,5,3,27,1,0,0,Outskirts,501163
1666,3,2,3,16,2,0,0,Outskirts,300000
3274,5,4,3,19,1,0,1,Outskirts,866491
2482,1,1,2,39,0,1,1,Good,300000
1353,5,5,3,38,2,1,1,Average,991663
4646,2,2,1,22,0,1,0,Average,300000
4236,4,4,1,31,1,1,1,Outskirts,785789
4269,3,2,2,32,1,1,1,Prime,1391176
1074,4,4,1,4,1,1,1,Good,1252883
3761,5,5,2,33,0,1,1,Prime,1800746
1648,3,2,2,39,1,0,1,Average,404157
2215,5,5,1,10,0,0,1,Good,1384922
4354,2,2,3,2,2,1,1,Good,1287497
2991,1,1,1,32,1,0,1,Prime,300000
3160,3,3,1,10,1,0,1,Good,1231078
3624,2,1,2,15,1,1,0,Outskirts,300000
3551,2,1,1,17,2,0,0,Good,504502
504,3,2,2,29,1,0,1,Average,635030
1376,5,4,3,9,0,1,0,Average,1214477
1491,2,1,3,17,0,0,0,Outskirts,300000
4642,4,4,3,37,1,1,1,Prime,1434835
4864,2,2,1,18,1,1,1,Outskirts,640861
4965,5,4,2,35,2,0,1,Average,1147939
1135,5,4,3,12,2,0,1,Outskirts,1099576
2193,4,4,2,2,2,0,1,Outskirts,1031656
2182,2,1,2,9,1,1,1,Good,914620
619,5,4,3,37,2,1,0,Prime,1319987
1330,3,2,3,0,2,1,1,Good,1592779
4175,1,1,2,26,0,0,0,Average,300000
1869,1,1,3,7,2,0,1,Good,798154
1240,1,1,2,16,0,1,1,Good,300000
616,2,1,2,8,0,0,0,Average,300000
3338,4,4,3,5,2,0,1,Prime,2217079
1650,5,5,1,24,0,1,1,Prime,1466172
2431,3,2,3,38,1,1,0,Good,434621
1512,3,2,1,27,1,0,1,Prime,999526
2164,2,2,2,32,2,1,0,Good,674846
1581,1,1,2,36,1,0,1,Average,404751
1012,2,2,1,8,0,1,1,Average,841187
3349,4,3,2,17,1,1,0,Outskirts,1017231
1059,4,4,1,20,2,1,1,Average,1063134
4172,5,4,1,1,2,0,0,Average,1187286
3843,5,5,2,37,0,0,0,Good,711463
4570,4,4,1,39,2,1,0,Outskirts,749937
1970,4,4,3,35,1,1,1,Outskirts,625481
1080,4,4,3,36,2,1,1,Outskirts,662869
2794,2,1,2,14,0,0,0,Average,300000
3647,4,3,2,27,2,1,1,Prime,1502207
4749,3,3,1,17,1,1,1,Good,1160009
2179,1,1,1,33,0,1,1,Prime,300000
4006,4,4,1,21,1,1,0,Outskirts,695023
3244,1,1,1,10,0,0,1,Average,622642
3856,2,2,3,12,2,0,0,Average,403474
4545,1,1,3,3,0,1,1,Good,644233
1743,2,1,2,21,0,0,1,Outskirts,351417
3618,3,3,1,6,2,0,0,Good,1287967
2641,2,2,1,23,1,0,1,Prime,668668
3559,2,1,2,3,2,1,0,Good,642449
3459,5,5,1,27,0,0,1,Average,1165443
2765,4,4,1,14,2,0,0,Average,822765
2979,4,4,1,0,0,0,1,Outskirts,796354
2135,3,2,1,2,2,1,1,Prime,1705576
2257,3,3,1,13,2,1,1,Average,856599
4952,4,3,2,37,1,0,0,Average,446420
2570,5,5,1,0,0,0,0,Good,1270109
3349,4,4,2,37,1,1,0,Outskirts,770468
3751,5,4,1,37,0,1,1,Average,977737
4230,3,3,3,20,2,0,0,Average,906527
2989,1,1,3,28,0,0,0,Outskirts,300000
2131,3,2,3,4,1,1,0,Average,952623
3316,3,2,3,9,1,1,0,Good,1091694
1515,2,1,2,27,1,0,0,Average,300000
1848,2,1,2,20,0,1,0,Good,366598
3587,2,1,1,6,1,0,0,Good,795421
3339,2,2,3,2,1,0,0,Prime,1301812
835,5,4,2,19,1,0,0,Average,760549
1395,4,4,1,18,2,1,0,Average,894764
4046,1,1,1,34,2,0,1,Good,412037
1351,3,3,2,3,0,0,1,Average,874712
2187,5,4,3,4,0,1,0,Outskirts,1071953
2431,1,1,1,0,1,1,1,Prime,1130384
4246,5,5,3,3,2,0,1,Good,2064222
2927,5,4,3,11,1,0,0,Average,1249925
2068,3,2,3,26,1,1,0,Good,479669
4500,4,3,1,22,2,1,0,Average,899997
3238,2,1,3,24,2,1,1,Prime,999282
3998,4,4,1,20,2,0,0,Average,1066486
4413,3,3,3,23,0,0,1,Average,823069
1566,3,2,1,24,0,0,0,Average,300000
4880,3,3,3,31,1,1,1,Outskirts,418672
2944,1,1,2,31,0,0,1,Outskirts,300000
4607,4,3,3,4,2,1,0,Average,1313866
3873,4,4,3,35,2,0,0,Average,671703
4469,5,5,1,38,0,1,1,Prime,1541686
3046,5,5,1,15,1,0,1,Average,955598
1253,5,4,3,32,1,0,0,Prime,1417158
2582,3,3,2,20,0,1,0,Outskirts,539222
3274,4,3,2,8,1,1,1,Good,1403673
3396,3,3,1,5,1,0,0,Average,1070278
4685,1,1,2,34,1,1,1,Good,515252
1275,5,4,3,38,2,1,0,Average,736124
2125,3,2,1,21,2,0,0,Outskirts,409605
3569,3,2,3,4,0,1,0,Good,714084
917,1,1,1,22,2,0,1,Outskirts,378077
614,2,1,1,16,1,0,0,Good,300000
1116,4,3,1,11,2,1,1,Average,758636
4474,2,1,1,22,0,1,0,Outskirts,300000
3767,5,4,2,15,2,0,1,Good,1684054
1325,3,3,3,2,1,0,1,Outskirts,1006789
2016,1,1,3,29,1,0,0,Prime,300000
3646,1,1,3,21,0,0,1,Prime,411204
912,4,4,1,8,2,0,1,Outskirts,612667
1228,2,1,2,28,2,0,1,Prime,828608
3848,4,4,3,36,2,1,1,Outskirts,804790
3308,3,3,2,22,1,1,0,Outskirts,459624
1175,4,3,1,12,0,1,0,Prime,1055359
3965,1,1,3,31,2,0,0,Average,344199
3004,1,1,2,22,1,1,1,Good,594863
3467,5,5,1,16,1,0,1,Good,1312730
3286,5,5,2,39,1,0,0,Prime,1033236
1622,3,3,3,20,2,1,0,Good,763802
4579,2,1,3,1,2,0,1,Good,1119032
2071,4,3,1,36,2,0,0,Good,500366
2643,3,3,1,5,2,0,0,Outskirts,898165
2187,5,5,1,17,2,0,1,Outskirts,841994
4632,4,3,2,29,2,0,0,Average,585990
4351,5,4,2,21,2,0,1,Average,1051770
3940,4,4,2,32,2,1,0,Outskirts,607879
4266,2,2,1,29,2,0,1,Good,371045
2826,3,2,3,16,1,0,1,Average,788151
3414,4,3,3,31,2,0,1,Outskirts,466041
4452,1,1,2,13,0,0,1,Good,720199
1095,1,1,2,9,1,1,1,Average,541759
1228,4,3,3,35,2,1,0,Outskirts,805848
1865,4,4,3,33,0,0,0,Outskirts,369963
4992,4,3,2,8,2,0,0,Average,634878
1198,1,1,2,27,0,0,1,Good,337344
895,1,1,3,10,0,1,0,Good,447618
4671,4,4,1,13,0,1,1,Prime,1834848
4860,5,4,2,38,0,1,1,Average,738312
3002,5,4,3,18,1,1,0,Prime,1745716
2319,2,2,3,14,1,0,1,Outskirts,541235
1217,3,3,3,27,0,1,0,Prime,715950
3282,5,4,3,23,2,1,1,Good,1267073
4077,1,1,1,7,0,0,1,Average,893768
643,5,4,3,8,1,0,0,Average,1194309
3640,2,1,2,32,2,1,1,Prime,869167
4991,2,1,1,32,1,1,0,Good,526596
3438,3,3,3,18,1,1,1,Average,1041338
4136,5,5,1,2,2,1,0,Good,1645763
3722,1,1,2,9,0,0,1,Prime,959451
1667,1,1,3,39,0,0,0,Outskirts,300000
3116,4,4,2,0,0,1,0,Average,1014327
1562,1,1,3,28,0,1,1,Prime,470966
2656,3,2,3,33,2,1,0,Outskirts,372304
3482,3,3,3,12,2,1,1,Outskirts,876289
3794,1,1,3,0,2,1,1,Average,1010677
1656,1,1,3,33,1,0,0,Average,300000
1232,4,3,1,28,2,0,0,Outskirts,342180
4830,1,1,3,12,0,0,0,Outskirts,345256
1453,4,3,3,28,1,1,0,Average,977743
3039,4,3,1,38,0,1,0,Good,461698
3824,1,1,1,23,0,0,1,Average,300000
3801,2,1,1,25,2,0,0,Average,648179
2042,2,1,1,16,2,1,1,Good,841889
1691,4,3,1,6,0,0,0,Good,686216
3493,1,1,1,12,0,1,0,Outskirts,300000
3181,2,1,3,4,1,1,0,Average,816581
1717,1,1,3,25,2,0,1,Good,522168
2040,1,1,2,2,1,0,0,Average,476186
3736,1,1,3,6,1,0,1,Prime,1393175
2886,5,5,3,38,1,1,1,Good,1131220
4219,1,1,1,0,0,1,1,Average,648692
1888,5,4,1,16,1,0,0,Good,791485
2356,4,3,3,24,1,1,1,Good,1285322
1865,2,2,2,2,0,1,0,Outskirts,348115
999,2,2,1,14,2,1,1,Good,980516
2180,2,2,3,28,2,0,0,Good,632524
1010,2,1,3,31,1,1,1,Outskirts,622702
4812,2,2,2,25,0,0,0,Average,438931
1824,2,1,2,15,2,0,0,Average,403667
1655,2,1,1,24,1,1,0,Outskirts,300000
2327,4,4,2,27,1,0,1,Prime,1229656
3641,1,1,3,8,0,1,1,Average,661719
3986,3,2,3,0,1,0,0,Average,909234
2310,5,4,2,28,2,0,1,Outskirts,764911
3423,3,2,2,21,0,1,1,Average,544280
2714,3,3,2,15,2,0,1,Average,972196
4686,1,1,2,6,2,0,1,Average,874504
1213,1,1,1,13,2,0,1,Average,300000
4102,1,1,2,28,1,1,1,Average,300000
4634,2,2,1,18,1,1,1,Average,723737
4022,4,3,3,18,2,0,0,Average,608892
4768,2,2,2,1,2,0,0,Average,1140599
1743,4,3,1,14,0,0,1,Average,681768
4209,4,3,2,2,0,1,0,Average,908691
1581,3,3,3,10,1,1,0,Outskirts,592257
955,3,3,3,29,1,0,0,Average,468580
1394,4,4,3,39,0,1,1,Outskirts,372326
1884,4,4,2,17,2,1,1,Outskirts,994397
2458,2,1,2,1,1,1,1,Average,885565
3572,2,2,1,31,2,1,1,Average,420153
2496,3,2,3,7,0,0,1,Outskirts,542129
4785,1,1,2,21,1,1,0,Average,300000
1004,4,4,3,5,1,1,1,Outskirts,734633
1714,2,1,3,11,0,0,0,Average,440269
2031,3,3,1,39,1,0,1,Average,300000
3940,2,2,1,35,0,1,0,Good,477402
1323,4,4,1,14,1,1,1,Good,1222080
1428,4,4,1,27,0,0,1,Outskirts,300000
633,5,4,3,17,1,0,1,Average,911982
2605,1,1,1,1,2,0,1,Average,840170
4127,5,5,1,12,2,1,1,Outskirts,1080309
2352,3,3,1,14,2,1,1,Average,1094639
4675,2,2,1,19,1,0,0,Average,410401
3433,3,2,3,28,1,1,1,Average,630450
3784,4,3,1,28,2,0,0,Average,868197
4798,5,4,3,2,2,1,1,Good,1858305
3311,5,4,2,18,0,0,0,Average,972353
1750,5,5,3,2,0,0,0,Average,1166982
4012,3,3,3,13,0,1,0,Good,1098456
1756,4,4,1,39,2,1,0,Average,866792
3876,2,1,2,3,2,1,0,Good,900477
3986,2,2,2,10,2,1,0,Good,853172
4084,3,2,2,30,0,1,1,Good,788407
1896,5,4,2,31,1,1,0,Prime,1118211
4137,1,1,3,26,2,0,1,Average,718634
3830,3,3,2,29,1,1,1,Outskirts,777415
3203,3,3,3,1,1,0,0,Average,819267
970,4,3,3,8,1,0,0,Good,822911
1853,2,1,3,27,0,1,1,Prime,415329
3283,3,3,2,30,1,0,0,Good,413476
3331,3,3,1,33,2,0,0,Average,605159
857,5,4,1,14,0,1,0,Good,1274653
3519,5,5,2,24,2,1,0,Average,1266873
1167,1,1,1,35,2,1,0,Good,300000
4968,4,3,1,7,0,0,0,Outskirts,717794
1645,1,1,3,8,2,1,0,Good,534363
4685,5,5,3,36,2,1,1,Good,1629571
4219,2,2,2,38,0,1,0,Outskirts,300000
3245,5,5,2,31,2,1,1,Good,1533209
1039,4,3,1,16,1,0,1,Prime,1197677
3279,5,4,3,34,2,1,1,Average,1082265
4636,4,3,2,36,1,0,1,Average,837380
4275,4,4,2,18,2,1,0,Average,1288901
3008,4,3,2,28,0,0,1,Good,731217
3279,4,4,2,6,0,0,1,Good,1446133
1424,4,4,2,27,2,0,1,Good,960085
3456,2,2,2,8,0,1,1,Prime,1526411
2081,1,1,1,27,2,0,1,Outskirts,300000
3824,3,3,3,5,0,1,0,Average,1013605
4985,1,1,3,28,1,1,0,Good,402031
755,4,3,2,16,2,1,1,Average,1404770
2338,2,2,3,15,1,1,0,Good,742737
2444,5,4,3,22,1,1,0,Outskirts,680226
509,2,1,3,30,2,0,1,Prime,692573
3371,4,4,2,2,1,1,1,Prime,2223298
1297,2,2,2,20,2,0,1,Average,564744
1515,2,2,3,25,1,0,0,Average,300000
2324,4,3,3,35,2,0,1,Average,700380
4969,2,2,2,36,2,0,0,Prime,713992
3636,3,2,1,21,0,0,0,Good,300000
2693,3,3,3,11,2,0,0,Average,848978
723,2,2,1,12,2,0,1,Good,908271
4658,5,4,3,10,1,1,0,Outskirts,953183
4425,4,3,1,15,2,0,1,Prime,2044656
4500,3,3,1,7,0,1,1,Average,705802
2133,5,4,1,39,1,0,1,Average,576779
2652,2,1,2,39,1,0,1,Good,300000
1010,5,4,1,1,0,0,1,Average,1449503
884,1,1,1,29,1,0,0,Outskirts,300000
904,3,2,1,29,1,1,0,Good,300000
2500,2,2,3,11,1,1,0,Outskirts,401337
3256,4,4,1,9,1,1,0,Average,812598
2168,2,1,3,10,0,0,0,Good,410354
1960,4,4,1,14,0,0,1,Good,1060024
4136,2,2,1,15,1,0,1,Good,902082
3224,5,4,2,16,1,1,0,Average,1058879
4678,5,5,3,25,0,0,0,Average,989303
2548,5,4,1,1,0,1,0,Outskirts,767505
4646,1,1,3,11,0,1,1,Outskirts,300000
1216,4,4,3,25,1,0,1,Average,592738
2323,5,4,2,22,1,0,1,Average,979862
2581,1,1,2,17,2,1,0,Good,506069
3919,4,3,2,31,0,1,0,Average,535562
2074,2,1,2,37,1,1,0,Prime,300000
749,1,1,2,2,0,0,0,Average,333915
1173,3,3,2,37,1,0,1,Good,769737
2665,1,1,2,2,0,0,0,Prime,606683
1270,1,1,2,29,1,0,0,Prime,300000
4462,4,3,1,0,2,0,0,Good,1371873
4863,2,2,3,29,2,0,1,Average,498178
2484,3,2,2,31,0,1,1,Average,311445
1577,5,5,2,27,1,1,0,Average,993677
735,5,4,3,20,1,1,1,Average,1261623
888,1,1,1,12,0,0,1,Average,300000
3537,4,3,3,26,1,1,1,Good,842933
2348,4,3,3,35,0,0,1,Prime,1014058
3314,5,4,2,6,1,0,1,Average,1629237
3874,3,2,3,21,0,1,0,Average,562745
3778,2,1,3,9,1,0,0,Prime,925339
1752,3,3,2,38,0,1,0,Good,300000
4481,2,2,2,14,1,1,1,Prime,1354835
2622,5,5,2,14,2,0,1,Average,1237342
2650,2,1,2,3,1,1,1,Good,1118325
1829,4,3,3,31,0,1,1,Average,608667
1858,1,1,3,22,2,1,0,Outskirts,316476
2982,1,1,1,5,1,1,0,Good,556076
2517,5,4,1,23,2,0,0,Outskirts,921965
1831,4,3,3,19,1,1,0,Average,888816
4844,3,2,1,36,2,1,0,Average,706031
4761,4,4,3,19,0,1,0,Average,965538
1858,1,1,1,11,1,0,1,Average,382998
3677,1,1,2,32,1,1,1,Average,300000
2628,4,4,1,27,0,0,0,Good,560200
2680,4,3,2,7,2,1,1,Prime,2056710
637,1,1,2,0,0,1,0,Prime,534310
3972,3,3,2,36,0,1,0,Good,507357
3332,5,5,2,21,2,0,1,Good,1646208
4079,5,4,1,5,0,0,0,Good,1531798
3531,4,3,3,20,1,0,0,Prime,1334661
4664,5,5,2,31,1,0,0,Average,1064061
3093,1,1,1,34,1,0,1,Outskirts,300000
4800,1,1,2,14,0,0,1,Outskirts,300000
4318,4,3,1,4,1,1,1,Average,1530480
4638,4,4,1,5,1,0,1,Average,1137273
4323,4,4,1,24,1,1,0,Outskirts,647050
4542,3,3,3,39,1,0,1,Good,949385
2406,5,4,1,28,1,0,1,Good,1292342
1260,4,3,1,6,1,0,1,Outskirts,734673
3945,2,2,3,39,0,1,0,Average,361087
1399,2,2,3,12,1,0,1,Average,639359
4955,1,1,1,37,1,0,1,Good,300000
3447,5,4,3,17,2,1,0,Prime,1770265
2219,4,4,2,1,0,1,0,Outskirts,899723
780,2,2,2,7,0,1,0,Average,624483
3766,5,4,3,10,0,1,0,Good,1306180
2387,1,1,3,32,0,0,1,Good,300000
3766,3,2,1,37,1,1,0,Average,742118
1166,5,5,3,26,1,0,1,Average,1224472
4688,5,4,1,19,2,0,1,Good,1335929
1171,3,2,2,11,2,1,1,Outskirts,831005
2469,5,5,3,30,0,0,1,Prime,1403238
4656,1,1,1,26,2,1,1,Good,300000
3622,1,1,1,31,2,0,0,Average,300000
4400,3,3,2,9,0,1,1,Good,1414080
1023,4,3,3,2,0,1,1,Outskirts,1039143
2893,2,1,2,26,2,1,1,Average,616770
3617,4,3,1,34,1,1,0,Average,501505
3093,5,4,1,30,2,1,1,Prime,1767663
2468,2,1,3,14,2,1,1,Prime,1193321
2253,3,2,1,15,1,0,0,Good,566613
2796,3,3,3,12,1,0,1,Average,1095120
2761,2,2,2,34,0,0,1,Average,300000
2786,1,1,3,10,0,1,0,Outskirts,465612
4702,2,2,3,20,2,0,1,Average,702762
3378,5,4,1,10,1,1,1,Outskirts,1270281
4643,1,1,1,29,0,0,1,Average,300000
4144,3,3,3,34,2,0,1,Good,764260
4932,2,2,1,21,1,1,1,Good,777022
2555,4,3,1,37,2,0,0,Average,300000
1776,4,4,1,30,0,0,0,Good,300000
3266,5,4,3,13,0,0,0,Prime,1338840
802,4,4,1,23,1,1,1,Average,807276
1138,2,2,3,31,2,0,1,Outskirts,309650
555,2,2,1,35,1,1,1,Prime,465909
1025,4,4,2,31,0,0,0,Average,451574
4623,2,2,1,14,0,0,1,Outskirts,493453
2625,5,4,1,34,2,0,1,Average,840592
3787,1,1,3,2,2,0,1,Prime,1419886
864,5,5,3,15,2,1,0,Good,1545802
2146,5,5,1,4,1,0,0,Average,1127566
1418,2,2,2,20,2,1,1,Average,743761
3297,1,1,1,9,2,1,1,Outskirts,468926
2031,2,1,1,18,0,0,1,Average,300000
3845,3,3,2,24,0,0,0,Prime,956514
2406,2,1,3,3,2,1,0,Prime,1117209
3586,2,2,1,28,2,1,0,Average,575443
2575,2,1,3,18,0,0,1,Good,607654
1213,1,1,3,1,2,0,0,Good,670823
1562,2,2,2,9,1,0,1,Average,393740
2476,1,1,2,24,1,0,1,Prime,697233
1796,4,4,3,19,1,0,0,Good,948516
625,3,3,1,18,2,1,1,Good,1064934
4096,1,1,3,22,0,0,0,Good,300000
3783,4,3,1,23,2,0,1,Prime,1439660
2103,1,1,1,10,2,1,1,Average,623556
566,1,1,2,33,0,0,0,Outskirts,300000
732,3,2,1,27,0,0,1,Good,377479
2656,5,4,1,4,0,1,1,Average,1241222
1669,5,4,3,4,1,0,1,Good,1654185
2658,1,1,2,20,2,1,1,Average,594282
4706,2,2,1,11,0,0,1,Outskirts,491581
1993,4,4,1,3,2,0,1,Average,1317825
4507,2,1,2,19,1,0,1,Outskirts,369750
2972,2,2,3,37,1,1,1,Prime,1035716
3160,1,1,2,24,0,1,0,Prime,466358
3239,1,1,2,13,0,1,0,Outskirts,354932
2261,1,1,1,10,2,1,1,Good,430856
4014,1,1,1,31,0,0,1,Good,300000
2475,5,4,3,10,2,1,0,Average,1230879
2862,1,1,1,17,0,1,1,Outskirts,300000
1376,5,5,1,26,2,1,0,Outskirts,674625
4312,5,4,2,17,2,0,0,Good,1236672
3948,1,1,1,22,2,0,0,Outskirts,300000
1812,3,3,3,10,2,1,1,Prime,1972863
1960,4,3,2,20,1,1,1,Prime,1593024
3209,2,1,3,4,2,0,1,Average,1298783
2824,5,4,2,22,0,1,0,Prime,1186286
2233,4,4,1,24,1,1,0,Good,824676
2105,3,2,2,9,1,1,0,Average,598271
3063,2,1,2,21,2,1,1,Good,955807
3921,2,1,1,18,1,0,0,Good,406651
4017,5,4,1,0,2,0,0,Good,1625345
2897,1,1,3,6,0,0,1,Average,635417
4235,3,3,3,3,2,1,0,Average,927356
3370,5,5,1,0,1,1,0,Average,1268447
1660,3,3,1,14,0,0,1,Average,814289
742,1,1,1,39,2,0,1,Average,300000
3090,1,1,2,11,0,0,0,Outskirts,300000
1563,5,4,2,21,0,1,1,Prime,1457196
4824,1,1,2,21,1,0,0,Good,307555
3095,4,3,1,16,0,1,1,Outskirts,691970
1419,2,1,3,28,1,1,0,Good,318004
505,5,4,1,13,0,0,1,Outskirts,618661
967,3,3,2,19,2,0,0,Average,779412
4670,4,3,2,32,0,1,1,Average,750790
503,5,5,1,14,2,0,1,Good,1462572
1145,1,1,1,11,2,0,1,Good,475686
617,1,1,2,39,0,1,1,Good,300000
3428,1,1,2,19,2,1,1,Average,510515
3051,1,1,2,29,0,1,1,Average,300000
4789,3,2,1,37,0,1,1,Outskirts,493128
1346,4,3,2,2,2,1,0,Good,1362690
3262,2,2,2,27,2,0,0,Prime,713127
1641,3,3,3,25,1,1,1,Good,614565
2310,3,2,1,29,2,1,1,Average,741045
1223,2,1,3,12,1,1,0,Outskirts,387114
724,2,2,3,12,2,0,0,Good,780330
4708,1,1,2,1,0,1,1,Average,744341
2548,3,2,1,36,2,1,0,Good,389718
4915,5,4,2,37,0,1,0,Average,890321
2073,2,1,1,1,0,0,1,Outskirts,478432
2328,2,2,3,35,0,1,1,Good,300000
2417,4,3,1,25,1,1,1,Good,1172795
4734,5,4,2,10,2,1,0,Outskirts,785200
2526,5,5,2,7,0,0,1,Outskirts,1079141
4244,2,2,2,39,0,0,1,Average,479019
1401,1,1,1,21,1,0,0,Average,300000
2539,4,3,3,19,2,0,1,Good,1216691
509,5,4,3,7,2,1,0,Average,1205512
760,2,1,1,28,1,1,0,Outskirts,300000
2173,5,5,2,39,1,0,0,Average,977320
2719,4,4,3,25,2,0,0,Good,888618
2560,4,4,2,29,1,1,0,Good,842254
4213,3,2,1,16,2,1,0,Good,1149000
2119,2,1,2,19,2,0,1,Good,623983
820,4,3,3,15,0,0,1,Prime,1190673
1842,3,2,3,6,0,0,1,Good,1014920
2876,3,3,2,15,2,0,0,Prime,1375918
3332,5,5,1,26,2,1,1,Good,1393001
3324,5,4,2,22,2,0,0,Average,1102735
2494,3,3,1,23,2,0,1,Good,690183
3458,5,4,2,8,2,1,0,Prime,1890821
2538,4,3,3,34,2,1,1,Good,983039
3990,1,1,1,19,1,1,0,Good,453962
4177,4,3,1,36,2,1,1,Average,932189
1618,3,2,1,16,1,1,0,Prime,723193
2104,3,3,3,30,1,0,1,Average,743343
4527,4,3,2,7,2,0,0,Outskirts,849012
735,5,4,3,14,2,0,1,Average,1091194
2469,5,5,1,30,1,1,1,Average,820976
4929,3,2,2,29,1,0,1,Outskirts,519577
2408,2,2,3,19,2,1,0,Average,816794
875,5,4,1,38,2,0,0,Prime,996328
4030,4,4,1,11,1,0,0,Good,1007381
3135,5,5,3,16,1,1,0,Outskirts,628102
2070,4,4,3,29,1,1,0,Good,1151203
3060,3,2,3,28,0,0,1,Prime,1016597
3891,5,5,1,18,1,0,0,Average,1090406
3465,4,4,3,10,0,0,1,Outskirts,1051142
4143,3,3,1,33,2,0,1,Good,839309
4350,2,2,3,6,2,0,0,Average,756094
1372,4,4,1,33,1,1,1,Good,955357
1752,2,1,1,19,2,1,0,Average,300000
1814,2,1,2,37,2,1,0,Good,300000
3398,1,1,3,23,2,1,0,Good,605233
577,5,4,3,9,2,0,1,Outskirts,1096587
3121,4,3,1,31,0,0,0,Average,300000
4727,2,1,1,14,0,1,0,Average,300000
1100,1,1,1,36,1,0,0,Good,300000
1565,3,3,2,19,1,1,1,Good,847814
2636,4,3,2,2,1,0,0,Average,1070093
2949,2,2,1,36,2,0,1,Good,454453
2843,5,5,3,39,2,0,1,Good,1402257
2363,1,1,3,7,0,1,0,Good,553190
1818,2,2,2,39,0,1,1,Average,300000
4097,5,5,2,22,1,1,1,Outskirts,664604
4262,2,2,1,39,0,1,0,Outskirts,300000
2690,4,4,3,10,0,0,0,Average,664500
1492,4,3,1,7,0,0,0,Good,780024
3212,4,3,2,28,0,0,1,Good,725188
2692,1,1,3,29,0,0,0,Outskirts,300000
1748,4,3,3,9,1,1,1,Good,1150986
3554,5,4,2,38,1,0,1,Outskirts,528656
4533,2,1,1,27,0,0,1,Good,554667
2497,3,2,1,35,1,0,1,Outskirts,469496
4187,5,4,3,12,2,1,1,Outskirts,1338686
2651,5,4,2,31,0,1,0,Outskirts,559743
4518,4,3,3,35,2,1,0,Good,998654
3610,1,1,2,36,1,0,1,Prime,434011
2470,2,1,1,25,1,1,1,Good,300000
697,1,1,2,21,2,0,0,Good,356482
3126,2,2,1,3,1,0,0,Prime,1212423
1702,2,2,2,30,0,0,1,Average,300000
2535,1,1,3,17,2,1,1,Good,938285
977,5,4,1,37,0,1,0,Average,837622
1754,2,2,3,23,2,0,0,Average,580607
1422,1,1,3,22,1,0,1,Prime,607559
919,2,1,1,21,2,1,0,Outskirts,300000
2704,3,3,1,1,2,1,0,Good,1368396
3097,5,4,3,30,0,1,1,Good,1021399
1620,4,4,3,10,1,0,1,Average,1168361
3568,2,2,3,27,0,0,1,Outskirts,412334
1450,3,2,3,31,1,0,0,Prime,300000
2836,4,3,1,4,0,1,1,Good,1330014
2743,4,4,1,37,2,1,0,Average,1061656
3145,2,1,3,9,0,1,1,Good,522051
2357,1,1,2,39,1,0,1,Average,300000
2365,2,1,2,23,1,0,0,Outskirts,300000
3412,3,3,1,34,2,1,0,Outskirts,300000
3353,4,4,3,22,1,0,1,Prime,1327949
3728,2,1,3,16,0,1,1,Good,765243
4219,1,1,1,0,2,0,0,Good,862866
3728,2,1,2,30,1,1,1,Good,598772
2871,5,4,2,30,1,0,0,Good,807506
3391,1,1,2,33,0,0,0,Good,300000
4256,3,3,1,8,0,1,1,Outskirts,746980
4725,4,3,2,21,2,1,0,Outskirts,590880
594,2,2,1,12,1,1,0,Prime,531448
3174,1,1,1,24,0,1,0,Good,300000
2455,5,5,3,17,2,1,1,Good,1544863
1293,1,1,2,11,1,0,0,Good,401555
2334,5,5,1,39,1,1,1,Average,1074834
2616,3,2,2,16,2,1,1,Average,1287357
4606,4,4,2,14,2,1,1,Outskirts,1023662
3825,3,3,3,14,0,0,0,Average,809020
3419,2,2,2,14,1,1,0,Average,513957
3097,1,1,3,38,1,1,1,Average,300000
3705,5,5,1,12,1,1,1,Good,1808678
1314,5,5,2,16,2,0,0,Average,1057680
845,1,1,1,31,0,0,1,Average,300000
2849,1,1,2,8,1,1,1,Prime,1172574
862,2,1,1,39,2,0,0,Good,300000
2943,3,2,2,19,1,1,1,Good,1157985
2765,5,4,2,25,0,0,0,Outskirts,663023
2688,2,1,2,26,1,1,0,Good,441461
3505,3,2,2,20,0,0,1,Good,656041
3781,2,2,2,17,0,1,0,Good,658542
1484,5,5,2,12,1,1,0,Average,1082423
2139,1,1,2,15,1,0,0,Prime,488419
1327,1,1,2,8,0,1,1,Outskirts,329512
3230,3,3,2,11,2,1,1,Outskirts,955283
4031,4,4,1,37,0,1,1,Average,691629
4951,3,3,3,18,1,1,0,Average,1168473
3435,4,4,2,6,1,0,0,Prime,1645987
4376,2,2,3,34,2,1,1,Good,684117
626,2,1,2,17,0,0,1,Average,395087
3677,5,5,2,15,0,0,0,Prime,1826424
3556,4,3,1,38,0,0,1,Good,772538
1103,5,4,1,3,1,0,1,Average,1239652
3949,1,1,3,24,0,1,1,Good,516109
4646,4,3,1,31,2,1,1,Outskirts,736633
4033,3,2,1,39,1,0,1,Prime,488695
3867,1,1,3,12,1,1,0,Average,657626
3868,1,1,1,16,0,0,1,Average,300000
4297,3,3,2,36,2,1,1,Average,591965
2292,1,1,3,5,1,1,0,Good,654022
3361,4,4,3,18,1,1,0,Average,943266
3976,5,5,2,12,0,0,0,Outskirts,943613
3917,1,1,1,25,0,0,0,Average,300000
2145,4,3,3,13,2,1,1,Good,1426560
1705,2,1,3,30,0,0,1,Average,300000
3530,4,3,2,3,2,0,1,Average,1267834
3372,5,5,2,38,1,1,1,Good,1182211
3572,4,3,1,7,2,0,0,Outskirts,787633
2354,3,2,3,24,2,1,0,Good,734610
4521,5,5,1,12,2,1,1,Average,1551867
3208,2,2,1,31,1,1,1,Average,387375
4002,3,2,2,37,0,0,1,Average,459457
1832,4,4,3,37,1,1,1,Outskirts,709987
701,5,4,3,27,0,1,0,Outskirts,494719
4007,2,1,3,29,2,0,1,Good,538554
4712,3,3,2,2,2,0,0,Prime,1770718
1074,2,2,2,27,2,0,0,Prime,319163
1036,4,3,2,2,2,0,0,Average,1183369
2125,2,1,2,33,2,1,0,Outskirts,300000
2622,1,1,2,15,0,0,1,Good,394374
885,3,3,3,21,0,0,1,Good,831692
3781,2,1,1,31,2,0,1,Prime,720825
974,4,3,3,37,1,0,1,Outskirts,450100
917,4,3,1,7,1,1,0,Good,1171310
4100,2,1,2,7,2,0,0,Good,714541
1454,4,3,1,5,0,1,0,Average,937283
1705,5,5,3,13,1,0,1,Outskirts,792000
4620,5,4,3,31,1,1,0,Average,1049497
2490,5,4,1,34,1,1,0,Average,682869
4072,1,1,2,9,2,0,0,Good,437225
4880,2,1,2,2,1,1,0,Average,808096
4658,1,1,3,11,1,0,1,Average,629446
3213,4,4,1,30,1,1,0,Outskirts,300000
2703,1,1,2,28,1,1,0,Good,300000
3620,4,3,2,4,0,1,1,Prime,1805800
1466,4,3,3,24,2,0,1,Prime,1692285
3932,3,3,2,30,2,1,1,Good,1040480
1188,5,5,1,20,0,0,0,Outskirts,502349
4743,4,4,3,19,0,1,0,Prime,1679776
4201,3,2,3,38,2,1,0,Average,675128
841,5,4,1,21,1,1,0,Good,1214150
2224,4,4,3,3,1,1,1,Prime,2206712
4922,4,4,2,12,2,1,0,Average,1324375
2292,1,1,2,19,1,1,0,Good,443434
2259,1,1,1,12,0,0,1,Good,314360
3712,5,4,2,16,1,0,1,Average,941447
1489,4,3,1,35,1,0,1,Average,473834
2762,2,2,1,32,1,1,0,Prime,572604
2982,1,1,2,0,2,0,0,Outskirts,403490
1451,5,4,1,14,0,1,0,Average,873476
1222,4,4,2,12,1,0,0,Average,690122
3889,4,3,3,16,2,0,0,Prime,1493344
2579,2,2,3,23,1,1,1,Prime,1008324
3217,5,5,1,7,0,1,1,Prime,2169508
2832,4,4,2,26,1,0,0,Good,804128
3876,1,1,2,22,0,0,0,Good,300000
2000,2,1,3,7,1,0,0,Outskirts,535076
785,5,5,3,7,0,0,0,Average,1129114
3995,2,1,2,25,1,1,0,Good,529030
2565,1,1,1,12,0,0,1,Average,564673
1268,5,4,3,38,1,1,1,Prime,1311534
3557,2,2,1,36,1,1,1,Average,372712
4789,3,2,1,27,2,0,0,Average,643178
2661,1,1,3,24,2,1,0,Average,300000
3793,1,1,1,15,0,0,1,Outskirts,300000
1446,1,1,1,1,1,1,1,Good,735413
3835,3,3,2,17,0,1,0,Average,1104169
4650,3,2,1,16,2,0,1,Outskirts,666917
1981,4,4,2,29,0,1,1,Average,947685
2401,2,1,3,38,0,1,0,Average,300000
3951,4,3,3,12,2,0,1,Outskirts,724862
4564,2,2,2,31,1,1,1,Prime,648284
554,3,2,3,28,0,1,1,Outskirts,408249
2323,3,3,1,29,2,0,0,Prime,987856
3962,4,4,1,17,1,0,1,Average,1056477
3579,5,4,1,12,2,1,1,Outskirts,1025119
1332,4,4,3,20,0,1,1,Good,1073315
4908,2,2,1,29,1,1,0,Average,300000
3306,4,3,3,20,1,0,0,Good,826445
2990,1,1,1,16,2,1,1,Outskirts,300000
827,2,2,2,39,2,1,0,Outskirts,300000
3810,2,2,3,18,2,1,1,Average,772548
3800,5,4,3,14,1,1,0,Average,1307402
4175,3,3,1,8,1,1,0,Outskirts,591646
3554,2,2,3,9,0,1,1,Good,992259
2643,3,3,3,30,1,0,1,Good,811006
1811,4,4,2,22,0,0,1,Average,876352
3691,1,1,2,29,2,1,0,Good,300000
3038,5,5,1,32,2,1,1,Prime,1929615
4483,3,3,2,8,1,0,0,Prime,1183699
664,2,1,1,0,2,0,0,Prime,860636
4777,3,2,1,34,2,0,1,Outskirts,450587
1322,2,1,1,10,1,1,0,Average,553511
1443,3,2,3,33,0,1,1,Average,666831
4925,2,1,2,15,1,1,0,Good,807154
1274,4,4,1,8,0,1,1,Good,1421183
2698,2,2,2,31,1,0,0,Good,300000
3656,2,2,1,14,1,0,0,Average,673075
4742,1,1,2,11,2,0,1,Average,831188
4195,2,1,2,32,1,0,0,Outskirts,300000
3952,1,1,1,13,1,1,1,Average,509770
1414,5,5,3,7,0,1,0,Average,1268935
1808,1,1,2,7,2,0,0,Average,379047
4677,4,4,3,26,0,0,0,Outskirts,414974
1013,1,1,3,11,0,0,1,Average,697711
2420,5,4,1,0,2,0,1,Prime,2270896
4094,4,4,1,39,2,0,1,Average,799990
1909,3,3,1,10,2,1,1,Average,789555
3690,3,3,2,38,1,1,1,Average,514195
4991,1,1,1,30,2,0,0,Good,300000
2055,1,1,1,16,2,0,0,Outskirts,373702
1304,5,4,2,32,2,0,1,Outskirts,772205
1779,5,4,2,31,0,1,0,Good,760481
4077,2,1,1,28,0,1,0,Outskirts,300000
3401,5,4,1,20,1,1,0,Prime,1534843
1887,2,1,1,20,0,0,0,Prime,300000
3261,4,3,1,39,1,1,1,Prime,1061256
3179,1,1,3,22,0,0,0,Prime,323928
2606,4,3,3,5,2,1,1,Outskirts,1029150
4723,5,4,1,21,0,1,1,Prime,1803213
3268,4,4,3,37,1,1,0,Good,1030843
